Product Name,Category,Key Benefit,SCS Level,Price (Buy Now),Price (Subscribe)
Eye Formula,SCS Score / Eye Health,Protects cells from oxidative damage,Not Certified,56.0,50.4
Beauty Focus Collagen+ Citrus,SCS Score / Skin Health,Improves skin texture and radiance,Level I,75.0,67.5
LifePak Anti-Aging Formula,SCS Score / Anti-aging,Raises scanner score with comprehensive nutrition,Level II,118.0,84.6
g3 Single Serve Pouch (15 pack),SCS Score / Nutrition,Antioxidant-rich fruit blend for scan score maintenance,Level I,93.0,66.6
Carotenoid Plus,SCS Score / Eye & Skin Health,Supports antioxidant defenses with carotenoids,Level I,69.0,62.1
PhytoShield Complex,SCS Score / General Health,Plant-based antioxidant complex to improve scan score,Level I,88.0,79.2
MYND360 Night Time,Sleep,Supports better sleep after just one dose,Not Certified,60.0,54.0
RestEase Herbal Complex,Sleep,Botanical blend for relaxation and sleep quality,Not Certified,52.0,46.8
DreamBalance Melatonin,Sleep,Helps regulate sleep cycles with natural melatonin,Not Certified,49.0,44.1
Vision Guard,Eye Health,Lutein + zeaxanthin for eye protection,Not Certified,64.0,57.6
BlueShield Formula,Eye Health,Protects eyes from blue light damage,Not Certified,72.0,64.8
TRMe GO PreWorkout+,Weight Control / Fitness,Boosts workout performance and endurance,Not Certified,68.0,61.2
TRMe GO Protein+,Weight Control / Fitness,Supports muscle health and repair,Not Certified,81.0,72.9
TRMe GO Recovery+,Weight Control / Fitness,Helps recovery post-exercise,Not Certified,68.0,61.2
TrimBalance Capsules,Weight Control,Helps control appetite and metabolism,Not Certified,77.0,69.3
SlimBoost Shake Vanilla,Weight Control,Meal replacement shake for weight management,Not Certified,85.0,76.5
Bone Formula,Joint Health / Bone Health,Supports bone formation and calcium absorption,Not Certified,56.0,50.4
Cartilage Formula,Joint Health,Supports joint and cartilage health,Not Certified,81.0,72.9
FlexiMove Capsules,Joint Health,Botanical extracts to support flexibility,Not Certified,74.0,66.6
ageLOC Youth,Nutrition / Anti-aging,Advanced anti-aging ingredients not found in diet,Not Certified,169.0,122.4
NutriPlus Daily,Nutrition,Daily multivitamin and mineral support,Not Certified,59.0,53.1
ImmuneShield Complex,Nutrition,Boosts immune defense with antioxidants,Not Certified,66.0,59.4
OmegaLife 3,Nutrition / Heart Health,High-quality omega-3 fatty acids,Not Certified,71.0,63.9
ProBioMax,Nutrition / Digestive Health,Supports gut microbiome with probiotics,Not Certified,64.0,57.6
VitaBoost C+,Nutrition / Immunity,Vitamin C + bioflavonoids for immune support,Not Certified,47.0,42.3
Mineral Balance,Nutrition,Essential minerals for daily balance,Not Certified,54.0,48.6
YouthfulSkin Formula,Anti-aging,Promotes skin elasticity and hydration,Not Certified,92.0,82.8
EnergyMax B-Complex,Nutrition / Energy,B vitamins for daily energy support,Not Certified,61.0,54.9
DetoxiTea Herbal Blend,Nutrition / Detox,Herbal tea blend to support detoxification,Not Certified,45.0,40.5
